{
  "serial": 0.365754,
  "omp": {
    "1": 0.382432,
    "2": 0.243653,
    "4": 0.17436,
    "8": 0.130955
  },
  "pthreads": {
    "1": 0.373142,
    "2": 0.260447,
    "4": 0.228932,
    "8": 0.1652
  },
  "mpi": {
    "1": 0.027242,
    "2": 0.017819,
    "4": 0.017802,
    "8": null
  },
  "cuda": null,
  "hybrid": {
    "1rx4t": {
      "time": null,
      "ranks": 1,
      "threads": 4,
      "total": 4
    },
    "2rx4t": {
      "time": null,
      "ranks": 2,
      "threads": 4,
      "total": 8
    },
    "4rx4t": {
      "time": null,
      "ranks": 4,
      "threads": 4,
      "total": 16
    },
    "2rx8t": {
      "time": null,
      "ranks": 2,
      "threads": 8,
      "total": 16
    }
  }
}